54,Square Wooden Stool,,,,,,,,0,6,catalog/Products/Chair/Square Wooden Stool/20151214_135735 edited.jpg,0,1,0,0,0,19/3/2017,0,1,0,0,0,1,1,1,1,0,3,19/3/2017 20:38,10/8/2017 16:11
55,Round Wooden Stool,,,,,,,,0,6,catalog/Products/Chair/Round Wooden Stool/IMG_0990 edited.jpg,0,1,0,0,0,19/3/2017,0,1,0,0,0,1,1,1,1,0,6,19/3/2017 20:44,10/8/2017 16:12
59,Multipurpose Easel with  Plastic Containers ,,,,,,,,0,6,catalog/Products/Whiteboard/DSCF3676.png,0,1,0,0,0,19/3/2017,0,1,0,0,0,1,1,1,1,0,5,19/3/2017 21:05,3/8/2017 15:46
62,BABYFEEDINGTABLE,,,,,,,,0,6,catalog/Products/BabyFurniture/Baby Feeding Table/baby feeding table.jpg,0,1,0,0,0,20/3/2017,0,1,0,0,0,1,1,1,1,0,7,20/3/2017 23:37,2/8/2017 15:38
64,LEGOPLAYTABLECUMSTORAGE,,,,,,,,0,6,catalog/Products/Cabinet/Lego Play Table Cum Storage/Lego Play Table cum Storage (1).jpg,0,1,0,0,0,20/3/2017,0,1,0,0,0,1,1,1,1,0,3,20/3/2017 23:51,2/8/2017 15:34
66,Art Material Storage Trolley ,,,,,,,,0,6,catalog/Products/TrolleyCart/Art Material Storage Trolley/Art Material storage (2).jpg,0,1,0,0,0,21/3/2017,0,1,0,0,0,1,1,1,1,0,3,21/3/2017 23:35,2/8/2017 17:38
67,7x2CUBBYHOLESWITHMETALLEGS,,,,,,,,0,6,catalog/Products/Cabinet/7x2 Cubby Holes with Metal Legs/20130605_130009.jpg,0,1,0,0,0,21/3/2017,0,1,0,0,0,1,1,1,1,0,7,21/3/2017 23:39,16/1/2020 12:20
73,Interactive Divider ,,,,,,,,0,6,catalog/Products/Dividers/Interactive Divider/Interactive Divider (4).jpg,0,1,0,0,0,23/3/2017,0,1,0,0,0,1,1,1,1,0,0,23/3/2017 18:29,7/9/2017 9:55
84,UFO Kiosk,,,,,,,,0,6,catalog/Products/Kiosk/UFO Kiosk/DSCN6665.jpg,0,1,0,0,0,23/3/2017,0,1,0,0,0,1,1,1,1,0,0,23/3/2017 18:38,10/8/2017 16:40
85,House Kiosk,,,,,,,,0,6,catalog/Products/Kiosk/House Kiosk/DSCN6718.jpg,0,1,0,0,0,23/3/2017,0,1,0,0,0,1,1,1,1,0,0,23/3/2017 18:40,10/8/2017 11:45
91,Art Cabinet With Castors,,,,,,,,0,6,catalog/Products/TrolleyCart/Art Cabinet With Castors/ART CABINET W CASTORS.jpg,0,1,0,0,0,24/3/2017,0,1,0,0,0,1,1,1,1,0,2,24/3/2017 17:15,16/1/2020 13:30
201,Storage Chest with Castors,,,,,,,,0,6,catalog/Products/TrolleyCart/Storage Chest with Castors/STORAGE CHEST W CASTOR.jpg,0,1,0,0,0,19/4/2017,0,1,0,0,0,1,1,1,1,0,1,19/4/2017 15:53,2/8/2017 17:41
191,8 Doors Cabinet,,,,,,,,0,6,catalog/Products/Cabinet/8 Doors Cabinet/8 DOOR CABINET-1000X1000.jpg,0,1,0,0,0,30/3/2017,0,1,0,0,0,1,1,1,1,0,40,30/3/2017 18:02,27/7/2018 12:21
199,Kids Plastic Chair (Red) ,,,,,,,,0,6,catalog/Products/Chair/Kids Plastic Chair (Red)/Red Chair.jpg,0,1,0,0,0,9/4/2017,0,1,0,0,0,1,1,1,1,0,1,9/4/2017 22:42,23/5/2017 15:03
200,Kids Plastic Chair (Yellow),,,,,,,,0,6,catalog/Products/Chair/Kids Plastic Chair (Yellow)/Yellow Chair.jpg,0,1,0,0,0,9/4/2017,0,1,0,0,0,1,1,1,1,0,0,9/4/2017 22:45,23/5/2017 15:04
207,4DOORCABINET,,,,,,,,0,6,catalog/Products/Cabinet/4 Doors Cabinet/4 DOOR CABINET-1000X1000.jpg,0,1,0,0,0,21/4/2017,0,1,0,0,0,1,1,1,1,0,2,21/4/2017 15:35,16/1/2020 11:32
1482,CHILDREN SLEEPING COT,,,,,,,,0,7,catalog/Cot.jpeg,0,1,45,0,0,9/4/2019,0,1,0,0,0,1,0,1,1,1,1872,9/4/2019 10:31,2/11/2021 11:34
2499,,,,,,,,,0,0,,0,0,0,0,0,0000-00-00,0,0,0,0,0,0,0,0,0,0,0,0000-00-00 00:00:00,0000-00-00 00:00:00
2500,,,,,,,,,0,0,,0,0,0,0,0,0000-00-00,0,0,0,0,0,0,0,0,0,0,0,0000-00-00 00:00:00,0000-00-00 00:00:00
1709,Indoor Ball Pool,,,,,,,,1,8,catalog/Products/SandPlay/Cool de sac sandpit.JPG,0,1,7600,0,0,26/5/2020,0,1,0,0,0,1,1,1,1,1,479,26/5/2020 16:32,1/2/2021 16:19
2167,test,,,,,,,,1,6,catalog/Mutong Resize and Crop/Artboard 1.png,0,1,0,0,0,13/10/2020,0,1,0,0,0,1,1,1,1,0,1,13/10/2020 12:51,13/10/2020 12:52
2498,Test Product,,,,,,,,1,6,,0,1,1,0,0,8/9/2021,0,1,0,0,0,1,0,1,1,1,36,8/9/2021 16:33,8/9/2021 17:03
2501,,,,,,,,,0,0,,0,0,0,0,0,0000-00-00,0,0,0,0,0,0,0,0,0,0,0,0000-00-00 00:00:00,0000-00-00 00:00:00
2502,,,,,,,,,0,0,,0,0,0,0,0,0000-00-00,0,0,0,0,0,0,0,0,0,0,0,0000-00-00 00:00:00,0000-00-00 00:00:00
2503,,,,,,,,,0,0,,0,0,0,0,0,0000-00-00,0,0,0,0,0,0,0,0,0,0,0,0000-00-00 00:00:00,0000-00-00 00:00:00
2504,,,,,,,,,0,0,,0,0,0,0,0,0000-00-00,0,0,0,0,0,0,0,0,0,0,0,0000-00-00 00:00:00,0000-00-00 00:00:00
2505,,,,,,,,,0,0,,0,0,0,0,0,0000-00-00,0,0,0,0,0,0,0,0,0,0,0,0000-00-00 00:00:00,0000-00-00 00:00:00
2506,,,,,,,,,0,0,,0,0,0,0,0,0000-00-00,0,0,0,0,0,0,0,0,0,0,0,0000-00-00 00:00:00,0000-00-00 00:00:00
2507,,,,,,,,,0,0,,0,0,0,0,0,0000-00-00,0,0,0,0,0,0,0,0,0,0,0,0000-00-00 00:00:00,0000-00-00 00:00:00
2508,,,,,,,,,0,0,,0,0,0,0,0,0000-00-00,0,0,0,0,0,0,0,0,0,0,0,0000-00-00 00:00:00,0000-00-00 00:00:00
2509,,,,,,,,,0,0,,0,0,0,0,0,0000-00-00,0,0,0,0,0,0,0,0,0,0,0,0000-00-00 00:00:00,0000-00-00 00:00:00
2510,,,,,,,,,0,0,,0,0,0,0,0,0000-00-00,0,0,0,0,0,0,0,0,0,0,0,0000-00-00 00:00:00,0000-00-00 00:00:00
2511,,,,,,,,,0,0,,0,0,0,0,0,0000-00-00,0,0,0,0,0,0,0,0,0,0,0,0000-00-00 00:00:00,0000-00-00 00:00:00
2512,,,,,,,,,0,0,,0,0,0,0,0,0000-00-00,0,0,0,0,0,0,0,0,0,0,0,0000-00-00 00:00:00,0000-00-00 00:00:00
2513,,,,,,,,,0,0,,0,0,0,0,0,0000-00-00,0,0,0,0,0,0,0,0,0,0,0,0000-00-00 00:00:00,0000-00-00 00:00:00
2514,,,,,,,,,0,0,,0,0,0,0,0,0000-00-00,0,0,0,0,0,0,0,0,0,0,0,0000-00-00 00:00:00,0000-00-00 00:00:00
2515,,,,,,,,,0,0,,0,0,0,0,0,0000-00-00,0,0,0,0,0,0,0,0,0,0,0,0000-00-00 00:00:00,0000-00-00 00:00:00
2516,,,,,,,,,0,0,,0,0,0,0,0,0000-00-00,0,0,0,0,0,0,0,0,0,0,0,0000-00-00 00:00:00,0000-00-00 00:00:00
2517,,,,,,,,,0,0,,0,0,0,0,0,0000-00-00,0,0,0,0,0,0,0,0,0,0,0,0000-00-00 00:00:00,0000-00-00 00:00:00
2518,,,,,,,,,0,0,,0,0,0,0,0,0000-00-00,0,0,0,0,0,0,0,0,0,0,0,0000-00-00 00:00:00,0000-00-00 00:00:00
2519,,,,,,,,,0,0,,0,0,0,0,0,0000-00-00,0,0,0,0,0,0,0,0,0,0,0,0000-00-00 00:00:00,0000-00-00 00:00:00
2520,,,,,,,,,0,0,,0,0,0,0,0,0000-00-00,0,0,0,0,0,0,0,0,0,0,0,0000-00-00 00:00:00,0000-00-00 00:00:00
2521,,,,,,,,,0,0,,0,0,0,0,0,0000-00-00,0,0,0,0,0,0,0,0,0,0,0,0000-00-00 00:00:00,0000-00-00 00:00:00
2522,,,,,,,,,0,0,,0,0,0,0,0,0000-00-00,0,0,0,0,0,0,0,0,0,0,0,0000-00-00 00:00:00,0000-00-00 00:00:00
2523,,,,,,,,,0,0,,0,0,0,0,0,0000-00-00,0,0,0,0,0,0,0,0,0,0,0,0000-00-00 00:00:00,0000-00-00 00:00:00
2524,,,,,,,,,0,0,,0,0,0,0,0,0000-00-00,0,0,0,0,0,0,0,0,0,0,0,0000-00-00 00:00:00,0000-00-00 00:00:00
2525,,,,,,,,,0,0,,0,0,0,0,0,0000-00-00,0,0,0,0,0,0,0,0,0,0,0,0000-00-00 00:00:00,0000-00-00 00:00:00
2526,,,,,,,,,0,0,,0,0,0,0,0,0000-00-00,0,0,0,0,0,0,0,0,0,0,0,0000-00-00 00:00:00,0000-00-00 00:00:00
2527,,,,,,,,,0,0,,0,0,0,0,0,0000-00-00,0,0,0,0,0,0,0,0,0,0,0,0000-00-00 00:00:00,0000-00-00 00:00:00
2528,,,,,,,,,0,0,,0,0,0,0,0,0000-00-00,0,0,0,0,0,0,0,0,0,0,0,0000-00-00 00:00:00,0000-00-00 00:00:00
2529,,,,,,,,,0,0,,0,0,0,0,0,0000-00-00,0,0,0,0,0,0,0,0,0,0,0,0000-00-00 00:00:00,0000-00-00 00:00:00
2530,,,,,,,,,0,0,,0,0,0,0,0,0000-00-00,0,0,0,0,0,0,0,0,0,0,0,0000-00-00 00:00:00,0000-00-00 00:00:00
2531,,,,,,,,,0,0,,0,0,0,0,0,0000-00-00,0,0,0,0,0,0,0,0,0,0,0,0000-00-00 00:00:00,0000-00-00 00:00:00
2532,,,,,,,,,0,0,,0,0,0,0,0,0000-00-00,0,0,0,0,0,0,0,0,0,0,0,0000-00-00 00:00:00,0000-00-00 00:00:00
