69,Edupod-Divider-7,,,,,,,,0,8,catalog/Products/Dividers/3 Side Panel Partition/3 SIDED PANEL PARTITION.jpg,0,1,555,0,0,23/3/2017,0,1,0,0,0,1,0,1,1,1,3797,23/3/2017 18:25,12/3/2020 10:08
70,Edupod-Divider-3,,,,,,,,0,8,catalog/Products/Dividers/Crescent Partition/CRESCENT PARTITION.jpg,0,1,350,0,0,23/3/2017,0,1,0,0,0,1,0,1,1,1,3304,23/3/2017 18:26,17/1/2020 9:43
71,Edupod-Divider-8,,,,,,,,0,8,catalog/Products/Dividers/Fence Partition/FENCE PARTITION.jpg,0,1,385,0,0,23/3/2017,0,1,0,0,0,1,0,1,1,1,3345,23/3/2017 18:28,20/1/2020 10:25
72,Edupod-Divider-9,,,,,,,,0,8,catalog/Products/Dividers/Fence Partition 2/FENCE PARTITION 2.jpg,0,1,325,0,0,23/3/2017,0,1,0,0,0,1,0,1,1,1,3505,23/3/2017 18:28,12/3/2020 10:11
73,Interactive Divider ,,,,,,,,0,6,catalog/Products/Dividers/Interactive Divider/Interactive Divider (4).jpg,0,1,0,0,0,23/3/2017,0,1,0,0,0,1,1,1,1,0,0,23/3/2017 18:29,7/9/2017 9:55
74,Edupod-Divider-12,,,,,,,,0,8,catalog/Products/Dividers/Large Partition with Bottom Flap/LARGE PARTITION W BOTTOM FLAP.jpg,0,1,925,0,0,23/3/2017,0,1,0,0,0,1,0,1,1,1,3156,23/3/2017 18:31,20/1/2020 15:14
75,Edupod-Divider-10,,,,,,,,0,8,catalog/Products/Dividers/Large Partition with Open Storage/LARGE PARTITION W OPEN STORAGE.jpg,0,1,895,0,0,23/3/2017,0,1,0,0,0,1,0,1,1,1,3071,23/3/2017 18:32,20/1/2020 15:14
76,Edupod-Divider-11,,,,,,,,0,8,catalog/Products/Dividers/Large Partition with Side Cabinet/LARGE PARTITION W SIDE CABINET.jpg,0,1,925,0,0,23/3/2017,0,1,0,0,0,1,0,1,1,1,3192,23/3/2017 18:32,20/1/2020 15:16
77,Edupod-Divider-6,,,,,,,,0,8,catalog/Products/Dividers/Partition with Storage/PARTITION W STORAGE.jpg,0,1,190,0,0,23/3/2017,0,1,0,0,0,1,0,1,1,1,3065,23/3/2017 18:33,12/3/2020 10:13
78,Edupod-Divider-2,,,,,,,,0,8,catalog/Products/Dividers/Rainbow Partition/RAINBOW PARTITION.jpg,0,1,350,0,0,23/3/2017,0,1,0,0,0,1,0,1,1,1,3328,23/3/2017 18:34,28/1/2020 10:41
79,Edupod-Divider-1,,,,,,,,0,8,catalog/Products/Dividers/Semi-Circle Partition/SEMI-CIRCLE PARTITION.jpg,0,1,350,0,0,23/3/2017,0,1,0,0,0,1,0,1,1,1,3013,23/3/2017 18:34,29/1/2020 9:05
80,Edupod-Divider-4,,,,,,,,0,8,catalog/Products/Dividers/Twin Hole Partition/TWIN HOLE TABLE.jpg,0,1,350,0,0,23/3/2017,0,1,0,0,0,1,0,1,1,1,2807,23/3/2017 18:35,5/2/2020 14:43
81,Edupod-Divider-5,,,,,,,,0,8,catalog/Products/Dividers/Whiteboard Partition/WHITE BOARD PARTITION.jpg,0,1,450,0,0,23/3/2017,0,1,0,0,0,1,0,1,1,1,3753,23/3/2017 18:35,5/2/2020 16:50
84,UFO Kiosk,,,,,,,,0,6,catalog/Products/Kiosk/UFO Kiosk/DSCN6665.jpg,0,1,0,0,0,23/3/2017,0,1,0,0,0,1,1,1,1,0,0,23/3/2017 18:38,10/8/2017 16:40
85,House Kiosk,,,,,,,,0,6,catalog/Products/Kiosk/House Kiosk/DSCN6718.jpg,0,1,0,0,0,23/3/2017,0,1,0,0,0,1,1,1,1,0,0,23/3/2017 18:40,10/8/2017 11:45
86,Edupod-Kiosk-5,,,,,,,,0,8,catalog/Products/Kiosk/Game Console Kiosk I/GAME CONSOLE KIOSK I.jpg,0,1,1075,0,0,23/3/2017,0,1,0,0,0,1,1,1,1,1,2958,23/3/2017 18:42,17/5/2018 9:39
87,Edupod-Kiosk-6,,,,,,,,0,8,catalog/Products/Kiosk/Game Console Kiosk II/GAME CONSOLE KIOSK II.jpg,0,1,1075,0,0,23/3/2017,0,1,0,0,0,1,0,1,1,1,2686,23/3/2017 18:43,20/1/2020 11:52
88,Edupod-Kiosk-1,,,,,,,,0,8,catalog/Products/Kiosk/Robot Kiosk/ROBOT KIOSK.jpg,0,1,960,0,0,23/3/2017,0,1,0,0,0,1,0,1,1,1,2895,23/3/2017 18:43,28/1/2020 15:20
89,Edupod-Kiosk-7,,,,,,,,0,8,catalog/Products/Kiosk/Tree Kiosk/TREE KIOSK.jpg,0,1,850,0,0,23/3/2017,0,1,0,0,0,1,0,1,1,1,2718,23/3/2017 18:44,5/2/2020 11:44
90,Edupod-Trolley and Cart-1,,,,,,,,0,8,catalog/Products/TrolleyCart/3 Tier Wheeled Storage/3 TIER WHEELED STORAGE.jpg,0,1,425,0,0,24/3/2017,0,1,0,0,0,1,0,1,1,1,4704,24/3/2017 17:14,12/3/2020 9:20
